presidenteexecutivo,0.10539183163250332
segundo,0.09193204961992994
disse,0.08322535348649794
desistencia,0.0695414173905731
setor,0.06779196420300367
prazo,0.06523543300340047
terceira,0.06472298551225047
companhia,0.0627817053670771
azul,-0.04325268751954994
nao,-0.001980502377743626
